rank_by_stars,rank_by_projects,rank_by_momentum,category,project_count,project_share,total_stars,stars_share,total_forks,stars_delta,forks_delta,comparable_projects,leader_repo,top_3_repositories,snapshot_at
1,7,1,插件管理与生态工具,1171,7.1,45376,31.8,2911,126,9,1167,anywhere-labs/dsh-desktop,anywhere-labs/dsh-desktop | dsh-market/dsh-market | Minglink/dsh-infinite-gen-4,2026-09-16T17:05:12.351Z
2,1,2,其他实现型扩展,6420,39.1,31960,22.4,4903,107,23,6396,awesome-dsh-plugin/awesome-dsh-plugin,awesome-dsh-plugin/awesome-dsh-plugin | Electricitysheep/dsh-handbook | Zhiyuan-Fan/Awesome-DeepSeek-Harness-Plugins,2026-09-16T17:05:12.351Z
3,2,3,桌面端与启动器,1993,12.1,23349,16.4,1484,90,6,1984,dataelement/dsh-desktop,dataelement/dsh-desktop | dsh-tauri/deepseek-harness-desktop | DSH-EAC/DSH-Desktop-EAC,2026-09-16T17:05:12.351Z
4,8,7,开发与质量工具,971,5.9,9147,6.4,543,18,1,969,xiaobright/dsh-anchored-standard,xiaobright/dsh-anchored-standard | howmp/dsh-pentest | SeaOf0/dsh-redteam-model,2026-09-16T17:05:12.351Z
5,5,4,渠道与模型接入,1255,7.6,8994,6.3,840,64,5,1250,MeteorNOX/DeepSeek-Balance-Whale-Widget,MeteorNOX/DeepSeek-Balance-Whale-Widget | xmanrui/dsh-im | V1ki/dsh-plugin-subscriptions,2026-09-16T17:05:12.351Z
6,6,5,视觉与浏览器,1177,7.2,8438,5.9,753,27,4,1174,bowenliang123/dsh-context,bowenliang123/dsh-context | ysr666/dsh-vision-router | Dominic789654/awesome-deepseek-harness,2026-09-16T17:05:12.351Z
7,4,8,界面与体验扩展,1352,8.2,7725,5.4,478,16,2,1350,Small-tailqwq/dsh-deep-whale,Small-tailqwq/dsh-deep-whale | PC2005-cloud/dsh-pet | WYH66666666/DSH-Transparent-UI-Plugin,2026-09-16T17:05:12.351Z
8,3,6,记忆、上下文与成本,1514,9.2,5584,3.9,385,19,1,1505,acryldev/acryl,acryldev/acryl | zh667/TokenLedger | Nwflower/dsh-chat-import,2026-09-16T17:05:12.351Z
9,9,9,终端与部署,577,3.5,2036,1.4,288,9,1,575,Buzzso/dsh-sev,Buzzso/dsh-sev | Atomburstofficial/geiger | kejixiaoliang/awesome-dsh-plugins,2026-09-16T17:05:12.351Z
